{"resourceType":"ImplementationGuide","id":"hl7.xprod.uv.gender-harmony","text":{"status":"extensions","div":"<div xmlns=\"http://www.w3.org/1999/xhtml\"><h2>hl7genderharmony</h2><p>The official URL for this implementation guide is: </p><pre>http://hl7.org/xprod/ig/uv/gender-harmony/ImplementationGuide/hl7.xprod.uv.gender-harmony</pre><div><p>HL7 Cross Paradigm Implementation Guide: Gender Harmony - Sex and Gender Representation, Edition 1</p>\n</div></div>"},"url":"http://hl7.org/xprod/ig/uv/gender-harmony/ImplementationGuide/hl7.xprod.uv.gender-harmony","version":"1.0.0","name":"hl7genderharmony","title":"HL7 Cross Paradigm Implementation Guide: Gender Harmony - Sex and Gender Representation, Edition 1","status":"active","date":"2023-11-21T19:15:08-05:00","publisher":"HL7 Terminology Infrastruture Work Group","contact":[{"name":"HL7 Terminology Infrastruture Work Group","telecom":[{"system":"url","value":"https://www.hl7.org/Special/committees/Vocab"},{"system":"email","value":"ti@lists.hl7.org"}]}],"description":"HL7 Cross Paradigm Implementation Guide: Gender Harmony - Sex and Gender Representation, Edition 1","packageId":"hl7.xprod.uv.gender-harmony","license":"CC0-1.0","fhirVersion":["5.0.0"],"dependsOn":[{"id":"hl7tx","extension":[{"url":"http://hl7.org/fhir/tools/StructureDefinition/implementationguide-dependency-comment","valueMarkdown":"Automatically added as a dependency - all IGs depend on HL7 Terminology"}],"uri":"http://terminology.hl7.org/ImplementationGuide/hl7.terminology","packageId":"hl7.terminology.r5","version":"5.3.0"},{"id":"hl7ext","extension":[{"url":"http://hl7.org/fhir/tools/StructureDefinition/implementationguide-dependency-comment","valueMarkdown":"Automatically added as a dependency - all IGs depend on the HL7 Extension Pack"}],"uri":"http://hl7.org/fhir/extensions/ImplementationGuide/hl7.fhir.uv.extensions","packageId":"hl7.fhir.uv.extensions.r5","version":"1.0.0"}],"definition":{"extension":[{"url":"http://hl7.org/fhir/tools/StructureDefinition/ig-internal-dependency","valueCode":"hl7.fhir.uv.tools#current"}],"page":{"sourceUrl":"toc.html","name":"toc.html","title":"Table of Contents","generation":"html","page":[{"sourceUrl":"index.html","name":"index.html","title":"Home","generation":"markdown"},{"sourceUrl":"background.html","name":"background.html","title":"Background","generation":"markdown"},{"sourceUrl":"standards-history.html","name":"standards-history.html","title":"Standards History","generation":"markdown"},{"sourceUrl":"model.html","name":"model.html","title":"Model","generation":"markdown"},{"sourceUrl":"design.html","name":"design.html","title":"Design Considerations","generation":"markdown"},{"sourceUrl":"implementer.html","name":"implementer.html","title":"Implementer Considerations","generation":"markdown"},{"sourceUrl":"dicom_use_case.html","name":"dicom_use_case.html","title":"DICOM PET Scan Use Case","generation":"markdown"},{"sourceUrl":"health_maintenance_use_case.html","name":"health_maintenance_use_case.html","title":"Health Maintenance Lab Use Case","generation":"markdown"},{"sourceUrl":"hl7v2genderharmony.html","name":"hl7v2genderharmony.html","title":"V2 Gender Harmony","generation":"markdown"},{"sourceUrl":"hl7v2examples.html","name":"hl7v2examples.html","title":"V2 Examples","generation":"markdown"},{"sourceUrl":"cdagenderharmony.html","name":"cdagenderharmony.html","title":"CDA Gender Harmony","generation":"markdown"},{"sourceUrl":"cdaexamples.html","name":"cdaexamples.html","title":"CDA Examples","generation":"markdown"},{"sourceUrl":"fhirgenderharmony.html","name":"fhirgenderharmony.html","title":"FHIR Guidance","generation":"markdown"},{"sourceUrl":"fhirdesignbackground.html","name":"fhirdesignbackground.html","title":"FHIR Design Background","generation":"markdown"},{"sourceUrl":"terminology.html","name":"terminology.html","title":"Terminology","generation":"markdown"},{"sourceUrl":"externalstandards.html","name":"externalstandards.html","title":"External Standards","generation":"markdown"},{"sourceUrl":"bibliography.html","name":"bibliography.html","title":"Bibliography","generation":"markdown"},{"sourceUrl":"changelog.html","name":"changelog.html","title":"Change Log","generation":"markdown"},{"sourceUrl":"artifacts2.html","name":"artifacts2.html","title":"Artifacts","generation":"markdown"},{"sourceUrl":"v2dicom_use_case.html","name":"v2dicom_use_case.html","title":"V2 DICOM Example","generation":"markdown"},{"sourceUrl":"v2health_maintenance_use_case.html","name":"v2health_maintenance_use_case.html","title":"V2 Health Maintenance Example","generation":"markdown"},{"sourceUrl":"cdadicom_use_case.html","name":"cdadicom_use_case.html","title":"CDA DICOM Example","generation":"markdown"},{"sourceUrl":"fhirhealth_maintenance_use_case.html","name":"fhirhealth_maintenance_use_case.html","title":"FHIR Health Maintenance Example","generation":"markdown"},{"sourceUrl":"artifacts.html","name":"artifacts.html","title":"Artifacts Summary","generation":"html"}]},"parameter":[{"code":{"system":"http://hl7.org/fhir/tools/CodeSystem/ig-parameters","code":"copyrightyear"},"value":"2022+"},{"code":{"system":"http://hl7.org/fhir/tools/CodeSystem/ig-parameters","code":"releaselabel"},"value":"ci-build"},{"code":{"system":"http://hl7.org/fhir/tools/CodeSystem/ig-parameters","code":"shownav"},"value":"true"},{"code":{"system":"http://hl7.org/fhir/tools/CodeSystem/ig-parameters","code":"path-history"},"value":"http://hl7.org/xprod/ig/uv/gender-harmony/history.html"},{"code":{"system":"http://hl7.org/fhir/tools/CodeSystem/ig-parameters","code":"autoload-resources"},"value":"true"},{"code":{"system":"http://hl7.org/fhir/guide-parameter-code","code":"path-resource"},"value":"input/capabilities"},{"code":{"system":"http://hl7.org/fhir/guide-parameter-code","code":"path-resource"},"value":"input/examples"},{"code":{"system":"http://hl7.org/fhir/guide-parameter-code","code":"path-resource"},"value":"input/extensions"},{"code":{"system":"http://hl7.org/fhir/guide-parameter-code","code":"path-resource"},"value":"input/models"},{"code":{"system":"http://hl7.org/fhir/guide-parameter-code","code":"path-resource"},"value":"input/operations"},{"code":{"system":"http://hl7.org/fhir/guide-parameter-code","code":"path-resource"},"value":"input/profiles"},{"code":{"system":"http://hl7.org/fhir/guide-parameter-code","code":"path-resource"},"value":"input/resources"},{"code":{"system":"http://hl7.org/fhir/guide-parameter-code","code":"path-resource"},"value":"input/vocabulary"},{"code":{"system":"http://hl7.org/fhir/guide-parameter-code","code":"path-resource"},"value":"input/maps"},{"code":{"system":"http://hl7.org/fhir/guide-parameter-code","code":"path-resource"},"value":"input/testing"},{"code":{"system":"http://hl7.org/fhir/guide-parameter-code","code":"path-resource"},"value":"input/history"},{"code":{"system":"http://hl7.org/fhir/guide-parameter-code","code":"path-resource"},"value":"fsh-generated/resources"},{"code":{"system":"http://hl7.org/fhir/guide-parameter-code","code":"path-pages"},"value":"template/config"},{"code":{"system":"http://hl7.org/fhir/guide-parameter-code","code":"path-pages"},"value":"input/images"},{"code":{"system":"http://hl7.org/fhir/tools/CodeSystem/ig-parameters","code":"path-liquid"},"value":"template/liquid"},{"code":{"system":"http://hl7.org/fhir/tools/CodeSystem/ig-parameters","code":"path-liquid"},"value":"input/liquid"},{"code":{"system":"http://hl7.org/fhir/tools/CodeSystem/ig-parameters","code":"path-qa"},"value":"temp/qa"},{"code":{"system":"http://hl7.org/fhir/tools/CodeSystem/ig-parameters","code":"path-temp"},"value":"temp/pages"},{"code":{"system":"http://hl7.org/fhir/tools/CodeSystem/ig-parameters","code":"path-output"},"value":"output"},{"code":{"system":"http://hl7.org/fhir/guide-parameter-code","code":"path-tx-cache"},"value":"input-cache/txcache"},{"code":{"system":"http://hl7.org/fhir/tools/CodeSystem/ig-parameters","code":"path-suppressed-warnings"},"value":"input/ignoreWarnings.txt"},{"code":{"system":"http://hl7.org/fhir/tools/CodeSystem/ig-parameters","code":"template-html"},"value":"template-page.html"},{"code":{"system":"http://hl7.org/fhir/tools/CodeSystem/ig-parameters","code":"template-md"},"value":"template-page-md.html"},{"code":{"system":"http://hl7.org/fhir/tools/CodeSystem/ig-parameters","code":"apply-contact"},"value":"true"},{"code":{"system":"http://hl7.org/fhir/tools/CodeSystem/ig-parameters","code":"apply-context"},"value":"true"},{"code":{"system":"http://hl7.org/fhir/tools/CodeSystem/ig-parameters","code":"apply-copyright"},"value":"true"},{"code":{"system":"http://hl7.org/fhir/tools/CodeSystem/ig-parameters","code":"apply-jurisdiction"},"value":"true"},{"code":{"system":"http://hl7.org/fhir/tools/CodeSystem/ig-parameters","code":"apply-license"},"value":"true"},{"code":{"system":"http://hl7.org/fhir/tools/CodeSystem/ig-parameters","code":"apply-publisher"},"value":"true"},{"code":{"system":"http://hl7.org/fhir/tools/CodeSystem/ig-parameters","code":"apply-version"},"value":"true"},{"code":{"system":"http://hl7.org/fhir/tools/CodeSystem/ig-parameters","code":"apply-wg"},"value":"true"},{"code":{"system":"http://hl7.org/fhir/tools/CodeSystem/ig-parameters","code":"active-tables"},"value":"true"},{"code":{"system":"http://hl7.org/fhir/tools/CodeSystem/ig-parameters","code":"fmm-definition"},"value":"http://hl7.org/fhir/versions.html#maturity"},{"code":{"system":"http://hl7.org/fhir/tools/CodeSystem/ig-parameters","code":"propagate-status"},"value":"true"},{"code":{"system":"http://hl7.org/fhir/tools/CodeSystem/ig-parameters","code":"excludelogbinaryformat"},"value":"true"},{"code":{"system":"http://hl7.org/fhir/tools/CodeSystem/ig-parameters","code":"tabbed-snapshots"},"value":"true"}]}}